,Unnamed: 0,Country,Year,GDP,PP,UNE_Y15-24,UNE_Y25-39,UNE_Y40-64,UNE_TOTAL,EM_P,CRI_TOT,CRI_A60,CRI_B60,UNE_EDL0-2,UNE_EDL3_4,UNE_EDL5-8
0,0,AT,2008,36280,3.7,8.5,4.2,3,4.1,0.62,11,10.8,12,8.4,3.6,1.9
1,1,BE,2008,33640,6.2,18,7.3,4.9,7,0.48,15.8,15.1,19.7,12.4,6.9,3.6
2,2,BG,2008,5140,2.9,12.7,5.3,4.8,5.6,0.51,24.7,23.9,27.6,14.6,4.5,2.3
3,3,CY,2008,24680,1.1,9,3.7,2.7,3.7,0.41,10.1,10.4,8.4,4.9,3.6,3
4,4,CZ,2008,15500,7.4,9.9,4.2,3.8,4.4,0.5,13.9,13.2,20.7,19.1,3.7,1.7
5,5,DE,2008,32320,3.6,10.6,7.5,7.1,7.5,0.9,13,11.6,20.8,15.3,7.2,3.3
6,6,DK,2008,45700,7.3,9.5,3.2,2.3,3.7,0.7,16.2,16.3,15.2,6.1,3,2.2
7,7,EE,2008,12640,7.9,12,4.9,4.6,5.5,0.33,17.2,16.9,18.5,12.1,5.7,2.9
8,8,EL,2008,22560,6.7,21.9,9.4,4.4,7.8,0.39,12,12.6,9.4,7.5,8.9,6.4
9,9,ES,2008,24200,3.7,24.5,11,8.5,11.3,0.63,14.7,14.9,13.8,15.3,10.5,6.3
11,11,EU28,2008,26250,-101,15.8,6.9,5.3,7,0.6,13.8,13.6,15.4,11.3,6.5,3.8
12,12,FI,2008,37330,5.8,16.5,5.4,4.7,6.4,0.26,13.1,12.5,16.6,12.5,6.4,3.3
13,13,FR,2008,31310,7.5,18.3,7.1,4.8,7.1,0.37,14.8,14,20.7,11.1,6.6,4.3
14,14,HR,2008,11470,7.1,23.7,8.1,6.2,8.6,0.25,4.2,4.4,3.6,9.9,9.2,5
15,15,HU,2008,10500,2.9,19.5,7.6,6.3,7.8,0.1,13.1,12.6,16.7,18.9,7.1,2.7
16,16,IE,2008,38600,6.1,13.5,6.3,4.4,6.8,1.47,12.2,12.1,12.8,10.8,7.1,3.8
17,17,IT,2008,28230,7.4,21.2,7.6,4.1,6.7,0.14,14.2,13.4,17.7,8.4,6.1,4.5
18,18,LT,2008,10110,7.4,13.3,5,5.2,5.8,0.8,5.1,5.3,4.2,12.5,6.7,2.9
19,19,LU,2008,81880,6.4,17.9,5,3.2,5.1,2.06,10.6,10.6,10.7,6.6,5.9,2.5
20,20,LV,2008,10010,7.8,13.6,7.7,6.8,7.7,1.24,28.7,29.3,27,14.7,7.8,4.1
21,21,MT,2008,15960,5.7,11.7,4.4,5.1,6,0.91,9.7,10,7.7,8.2,4.2,1.3
22,22,NL,2008,39810,5.9,8.6,2.2,3,3.7,0.55,14.8,14.5,17.4,5.9,3.3,2.1
23,23,PL,2008,8910,6.2,17.3,6.4,5.6,7.1,0.08,7.3,7.1,8.4,12.1,7.5,3.8
24,24,PT,2008,17260,4,16.7,8,6.4,7.7,0.19,11.7,12,10.8,7.9,7.8,6.8
25,25,RO,2008,6730,5.4,18.6,5.5,3.9,5.8,1.47,13.1,13.1,13.3,7.1,6,2.7
26,26,SE,2008,40100,3.4,20.2,5,3.7,6.2,0.49,13.6,12.8,19.1,12.8,5.4,3.5
27,27,SI,2008,19190,3.1,10.4,4.5,3.1,4.4,0.6,8.7,8.7,8.3,6.2,4.4,3.4
28,28,SK,2008,12600,3.4,19,9.2,7.8,9.5,0.03,9.3,9,11.5,39.3,8.1,3.5
29,29,UK,2008,30940,4.4,15,4.8,3.4,5.6,0.69,24.8,24.2,27.4,10,5.5,2.8
30,30,AT,2009,34830,3.7,10.7,5.4,3.9,5.3,0.64,15.1,15.5,12.8,10.7,4.6,2.6
31,31,BE,2009,32700,6.2,21.9,8.3,5.2,7.9,0.58,16.9,15.5,24.9,13.6,8.1,4.5
32,32,BG,2009,4990,7.4,16.2,6.4,5.8,6.8,0.53,28.6,28.5,29,15.5,6.2,2.9
33,33,CY,2009,23550,1.1,13.8,5,4.2,5.4,0.44,8.3,8.6,6.4,6.1,5.7,4.6
34,34,CZ,2009,14690,7.4,16.6,6.6,5.3,6.7,0.59,17.9,17.6,21.3,24.1,6.1,2.4
35,35,DE,2009,30580,6.3,11.2,8,7.1,7.8,0.35,12.7,11.1,21,15.7,7.6,3.4
36,36,DK,2009,43220,7.3,13.5,6.4,4.6,6.4,0.72,16.5,16.2,18.9,10,5.9,3.7
37,37,EE,2009,10830,7.9,27.4,12.7,11.9,13.5,0.35,19.3,19.9,16.9,28.1,15.7,6.2
38,38,EL,2009,21530,4.5,25.7,11.3,6.1,9.6,0.39,16.3,17,13.4,9.5,11.1,7.5
39,39,ES,2009,23100,3.7,37.7,18.2,13.6,17.9,0.82,16.4,16.6,15.4,24.5,16.8,9.7
41,41,EU28,2009,25030,-101,20.2,9.2,6.6,8.9,0.7,15.3,15.1,17,14.5,8.4,5
42,42,FI,2009,34150,5.8,21.5,7.3,6,8.2,0.23,13.7,12.7,19.6,14.8,9.1,4
43,43,FR,2009,30250,7.5,22.9,8.8,5.8,8.7,0.41,15.3,14.6,20.2,13.6,8.4,5.3
44,44,HR,2009,10630,7.1,25.2,9.4,6.4,9.2,0.29,3.9,4.0,3.6,9.9,10,6.2
45,45,HU,2009,9810,2.9,26.4,9.8,8,10,0.1,11.6,10.6,18.9,23.2,9.4,3.9
46,46,IE,2009,36300,6.1,24.5,12.4,8.5,12.6,1.54,14.5,14.1,16.6,18.2,14.7,7.3
47,47,IT,2009,26590,7.4,25.3,9,4.6,7.8,0.14,15.9,15.1,19.5,9.5,7.3,5.4
48,48,LT,2009,8710,7.4,29.6,13.3,11.8,13.8,1.22,6.5,6.6,6.4,29.7,16.4,6
49,49,LU,2009,76900,6.4,17.2,5.4,3,5.1,1.84,10.6,10.5,11.6,8.1,4.3,4.2
50,50,LV,2009,8730,7.8,33.3,16.4,15.4,17.5,1.78,25.3,24.9,26.2,31.1,18.9,7.9
51,51,MT,2009,15660,5.7,14.5,5.3,5.4,6.9,0.94,10.7,10.4,12.1,9,5.6,2.5
52,52,NL,2009,38160,5.9,10.2,3.3,3.2,4.4,0.56,21.7,21.3,24.6,6.8,3.9,2.8
53,53,PL,2009,9070,6.2,20.6,7.5,6.2,8.2,0.6,6.7,6.3,8.9,14.7,8.7,4.4
54,54,PT,2009,16710,4,20.3,10.2,8,9.6,0.16,14,14.6,11,10.3,9.6,6.5
55,55,RO,2009,6410,5.4,20.8,6.5,4.9,6.9,1.21,16.1,16.6,14.4,7.5,7.2,4.3
56,56,SE,2009,38030,3.4,25,7.3,5.2,8.4,0.42,13.2,12.5,17,15.8,8,4.5
57,57,SI,2009,17570,3.1,13.6,6.8,3.8,5.9,0.92,12.5,12.6,11.6,8.8,6.3,3.2
58,58,SK,2009,11890,3.4,27.3,11.4,9.6,12,0.04,12.3,12.4,11.4,41.5,11.5,4.2
59,59,UK,2009,29420,4.4,19.1,6.8,4.8,7.6,0.59,25.1,24.4,28.3,12.9,7.8,4
60,60,AT,2010,35390,3.7,9.5,5.2,3.4,4.8,0.62,13.4,13.6,12.4,9.2,4.4,2.5
61,61,BE,2010,33330,6.5,22.4,8.9,5.6,8.3,0.44,17.5,16.6,22.7,15.3,8.1,4.5
62,62,BG,2010,5050,7.4,21.9,10.5,8.5,10.3,0.46,27.7,26.8,31.4,22.7,9.7,4.6
63,63,CY,2010,23400,1.1,16.6,5.9,4.7,6.3,0.39,12.7,13.3,9.5,7.1,6.4,5.7
64,64,CZ,2010,15020,3,18.3,6.8,6.1,7.3,0.58,15.4,15.2,17.4,25,6.9,2.8
65,65,DE,2010,31940,6.3,9.8,7.4,6.4,7,0.31,12,10.7,19.1,14.7,6.8,3
66,66,DK,2010,43840,7.3,15.6,7.9,5.7,7.7,0.75,14.2,13.9,15.7,12,7.1,4.7
67,67,EE,2010,11150,7.9,32.9,14.6,15.8,16.7,0.4,18,17.9,18.7,30.5,19.1,9.4
68,68,EL,2010,20320,4.5,33,15,8.4,12.7,0.56,19.1,20,15.5,12.7,14.6,10
69,69,ES,2010,23040,3.7,41.5,20.4,15.6,19.9,0.87,13,13,13.3,27.1,19,11.2
71,71,EU28,2010,25500,-101,21.2,10.1,7.1,9.6,0.7,13.5,13.3,15.4,15.7,9,5.4
72,72,FI,2010,35080,5.8,21.4,7.3,6.4,8.4,0.22,8.7,8,13.3,16.1,8.9,4.4
73,73,FR,2010,30690,7.5,22.5,9.1,6.1,8.9,0.41,15.6,14.2,25.4,14.5,8.4,5.2
74,74,HR,2010,10500,7.1,32.4,12.8,7.2,11.7,0.3,4.6,4.8,3.9,13,12.4,8.4
75,75,HU,2010,9900,6.5,26.4,11.3,9.1,11.2,0.13,11.7,10.9,16.7,25.1,10.6,4.6
76,76,IE,2010,36770,6.1,28.1,14.4,10.5,14.6,1.71,10.2,9.5,14.2,22.1,17.3,8.1
77,77,IT,2010,26930,7.4,27.9,10,5,8.4,0.13,12.7,11.9,16.3,10.3,7.9,5.7
78,78,LT,2010,9030,7.4,35.7,17.3,15.7,17.8,2.68,5.3,5.4,5.2,39.4,21.8,7.7
79,79,LU,2010,79160,6.4,14.2,4.4,3.2,4.4,1.84,10.2,9.7,13.6,6.1,4,3.8
80,80,LV,2010,8520,7.4,36.2,18.6,17.1,19.5,1.89,23.8,24.3,22.2,32.8,21.1,10.6
81,81,MT,2010,16440,5.7,13.2,5.8,5.6,6.9,1.01,10.4,10.4,10.6,9.6,5.5,1.7
82,82,NL,2010,38470,7.3,11.1,3.9,3.9,5,0.58,16.8,16.5,19.6,8.1,4.5,3.1
83,83,PL,2010,9390,6.2,23.7,9,7.4,9.7,0.57,6.5,6.4,6.9,17.5,10.5,5
84,84,PT,2010,16990,4,22.8,11.9,9.3,11,0.22,11.3,11.2,11.4,11.8,11.4,7
85,85,RO,2010,6190,5.4,22.1,7.1,4.9,7,0.98,15.4,15.6,14.3,5.9,8,4.8
86,86,SE,2010,39950,3.4,24.8,7.4,5.7,8.6,0.52,10.4,9.2,17.4,17,8.1,4.7
87,87,SI,2010,17750,3.1,14.7,8.6,5.1,7.3,0.78,9.3,9.6,7.9,11.7,7.5,4.3
88,88,SK,2010,12560,3.4,33.6,13.7,11.4,14.4,0.04,10.2,10.3,8.9,44.2,14.1,5.8
89,89,UK,2010,29750,7.4,19.9,7,5.1,7.8,0.54,23.1,22.2,27.5,13.8,8.2,4.1
90,90,AT,2011,36300,3.7,8.9,4.7,3.4,4.6,0.61,12.1,12.1,11.9,9.1,4,2.6
91,91,BE,2011,33460,6.5,18.7,7.7,4.9,7.2,0.76,15.6,14.4,22.5,13.9,6.8,3.8
92,92,BG,2011,5300,7.4,25,11.9,9,11.3,0.47,27.2,26.7,29,26.4,10.5,5.1
93,93,CY,2011,22900,8.7,22.4,7.9,5.3,7.9,0.44,15,15.3,13,7.5,8.8,7.2
94,94,CZ,2011,15310,3,18.1,6.3,5.6,6.7,0.53,15,14.8,16.4,24.3,6.4,2.8
95,95,DE,2011,33200,6.3,8.5,6.1,5.3,5.8,0.31,12.9,11.6,19.8,13,5.7,2.4
96,96,DK,2011,44240,7.3,16.4,8.2,5.3,7.8,0.75,15.7,15.3,18.5,12.4,6.8,5.1
97,97,EE,2011,12010,7.9,22.4,11.9,11.2,12.3,0.47,14.5,13.9,17.3,25.7,12.7,8
98,98,EL,2011,18500,4.5,44.7,21.3,11.8,17.9,0.83,20.1,20.2,19.8,18.1,20.3,14.2
99,99,ES,2011,22770,7.6,46.2,21.8,17.1,21.4,0.88,10.8,11,10.2,28.9,21.2,12.5
101,101,EU28,2011,25900,-101,21.7,10.2,7.1,9.6,0.7,13.2,12.9,15.3,16.2,8.9,5.5
102,102,FI,2011,35810,7.2,20.1,6.8,5.9,7.8,0.24,8.3,7.8,11.5,16.1,8.2,3.9
103,103,FR,2011,31210,7.5,21.9,9.3,6.1,8.8,0.45,14.8,13.3,24.4,14.4,8.5,5.2
104,104,HR,2011,10500,3.2,36.7,16.2,8.3,13.7,0.3,3.6,3.7,3.5,17.4,14.2,9.2
105,105,HU,2011,10110,6.5,26,10.4,9.7,11,0.15,10.9,9.9,17.1,25,10.7,4.3
106,106,IE,2011,36840,6.4,29.6,15.7,11.3,15.4,1.81,10.4,10,12.5,24,18.6,8.2
107,107,IT,2011,27020,7.4,29.2,9.8,5.1,8.4,0.14,14.5,14.7,13.5,10.6,7.8,5.3
108,108,LT,2011,9790,7.4,32.6,14.8,13.7,15.4,1.78,4.8,4.6,5.5,38.4,19,6.2
109,109,LU,2011,79310,6.4,16.8,4.6,3.8,4.9,1.79,10.7,9.9,16,8.3,4.4,3.6
110,110,LV,2011,9240,7.4,31,15.1,14.7,16.2,1.47,19,19.4,17,29.2,18.2,7.1
111,111,MT,2011,16450,5.7,13.3,5.3,4.9,6.4,0.91,12.7,12.7,13.1,9,5.2,1.8
112,112,NL,2011,38880,7.3,10,3.9,4.1,5,0.62,18.6,18.2,22.5,7.8,4.6,3.1
113,113,PL,2011,9860,6.2,25.8,9,7.3,9.7,0.7,6.3,6.3,6.3,18.3,10.4,5.2
114,114,PT,2011,16720,6.3,30.3,13,10.8,12.9,0.42,10.1,10.3,8.9,13.9,13.4,9
115,115,RO,2011,6350,5.4,23.9,7.1,5,7.2,0.97,16.3,16.5,15.4,7.2,7.9,4.7
116,116,SE,2011,40920,3.4,22.8,6.6,5.1,7.8,0.54,11.3,9.9,19.4,16.5,7,4.3
117,117,SI,2011,17870,3.3,15.7,9.3,6.3,8.2,0.59,8.6,8.9,7.2,13.4,8.7,4.9
118,118,SK,2011,12990,3.4,33.4,13.5,10.5,13.6,0.04,10,9.9,10.7,42.5,13.4,5.8
119,119,UK,2011,29960,7.4,21.3,7.2,5.1,8.1,0.55,20.7,20.1,24.4,14.1,8.6,4.3
120,120,AT,2012,36390,3.7,9.4,5,3.7,4.9,0.62,11.7,12,10.2,9.8,4.4,2.4
121,121,BE,2012,33490,6.5,19.8,8.5,5,7.6,0.84,14.5,13.1,22.4,14,7.8,3.9
122,122,BG,2012,5350,7.4,28.1,12.5,10.1,12.3,0.23,26.9,27.1,25.9,28,11.7,5.8
123,123,CY,2012,21780,8.7,27.7,12.1,8.8,11.9,1.6,15.5,15.9,12.8,13.4,12.8,10.2
124,124,CZ,2012,15170,3,19.5,6.8,5.5,7,0.44,13.2,13,14.3,28.5,6.5,2.9
125,125,DE,2012,33280,6.3,8,5.7,4.9,5.4,0.3,12.5,11.4,18.6,12.2,5.2,2.3
126,126,DK,2012,44170,7.3,15.8,8.5,5.4,7.8,0.78,9.9,9.8,10.5,12.6,6.9,4.9
127,127,EE,2012,12430,7.9,20.9,9.9,8.5,10,0.48,15.7,15.3,17.5,23.1,10.5,6.1
128,128,EL,2012,17240,6.7,55.3,28.6,17.5,24.5,1.13,20.1,20.6,18.4,26,27.7,18.4
129,129,ES,2012,22080,7.6,52.9,25.3,20.3,24.8,0.96,10.1,9.7,11.8,33.7,24.1,14.9
131,131,EU28,2012,25730,-101,23.2,11.2,7.8,10.5,0.7,12.8,12.6,14.3,18.2,9.6,6.1
132,132,FI,2012,35140,7.2,19,6.7,5.9,7.7,0.26,8.6,8,12.8,16,8.2,3.9
133,133,FR,2012,31160,3.2,23.7,9.9,6.6,9.4,0.39,14.7,14.1,18.8,15.2,9.4,5.4
134,134,HR,2012,10300,3.2,42.1,18.7,10.2,16,0.3,3.2,2.9,4.4,18.6,17.3,10.6
135,135,HU,2012,10010,6.5,28.2,10.9,8.8,11,0.23,10.4,9.3,17.3,24.8,10.8,4.5
136,136,IE,2012,36740,6.4,30.8,15.1,12,15.5,1.78,10.7,10.3,12.8,25.5,19,7.9
137,137,IT,2012,26090,7.4,35.3,12.6,6.7,10.7,0.18,14.9,14.5,16.4,13.6,10,6.6
138,138,LT,2012,10300,3.2,26.7,12.9,12.2,13.4,1.38,5,5.1,4.9,34.7,16.4,5.6
139,139,LU,2012,77240,6.4,18.8,5.3,3.4,5.1,1.97,14.4,14.1,15.7,8.4,5.2,3.6
140,140,LV,2012,9750,7.4,28.5,12.7,14.7,15,1.24,17,17.4,15.5,26.6,17.6,6.4
141,141,MT,2012,16970,5.7,13.8,4.6,5.1,6.2,0.95,12.6,13,10.5,9.5,4,2.1
142,142,NL,2012,38340,7.3,11.7,5,4.6,5.8,0.66,18.3,17.9,21.9,9.3,5.5,3.4
143,143,PL,2012,10020,6.2,26.5,9.6,7.6,10.1,0.72,6.3,6.1,7.3,19.5,11,5.6
144,144,PT,2012,16110,6.3,37.9,16.4,12.9,15.8,0.49,10.9,11.6,7.9,16.5,17.7,11.7
145,145,RO,2012,6510,3.2,22.6,7,4.6,6.8,0.85,13.7,13.7,13.8,6.7,7.3,5.1
146,146,SE,2012,40380,3.4,23.6,6.9,5.1,8,0.54,10.6,9.7,15.6,17.6,7.1,4.4
147,147,SI,2012,17360,3.3,20.6,10,6.4,8.9,0.7,8.1,8.2,7.3,14.8,9.1,6.1
148,148,SK,2012,13220,3.4,34,14,10.7,14,0.04,9.6,9.6,9.4,44.6,13.5,6.8
149,149,UK,2012,30200,7.4,21.2,6.9,5,7.9,0.5,19.7,18.5,26.2,13.9,8.6,4.3
150,150,AT,2013,36180,3.7,9.7,5.9,4,5.4,0.64,11.3,11.4,11.1,10.4,4.7,3.5
151,151,BE,2013,33490,6.5,23.7,9.1,5.7,8.4,0.92,19.4,18.3,26.1,15.8,8.2,4.9
152,152,BG,2013,5400,7.4,28.4,13.6,10.8,13,0.27,25.8,25,28.9,29.9,12.3,6.4
153,153,CY,2013,20400,8.7,38.9,15.2,12.2,15.9,2.2,15.3,15.9,11.9,19.3,17.2,13.2
154,154,CZ,2013,15160,3,19,7.1,5.5,7,0.25,13.9,13.6,17.4,25.6,6.8,2.8
155,155,DE,2013,33330,6.3,7.8,5.7,4.7,5.2,0.32,13.5,12.3,19.5,11.9,5.1,2.4
156,156,DK,2013,44410,7.3,14.8,7.8,5.4,7.4,0.77,9.2,9.1,9.5,12.2,6.6,4.7
157,157,EE,2013,12640,7.9,18.7,8.9,7.2,8.6,0.51,12.3,11.7,14.9,15,9.6,5.8
158,158,EL,2013,16800,6.7,58.3,32.4,20.1,27.5,1.07,19,19.2,18.5,29.8,31.2,20.4
159,159,ES,2013,21840,7.6,55.5,26.6,21.8,26.1,1.14,14.2,14.3,13.9,35.3,25.9,16
161,161,EU28,2013,25760,-101,23.7,11.7,8.2,10.8,0.8,13.1,12.8,14.8,19.2,10,6.4
162,162,FI,2013,34660,7.2,19.9,7.4,6.2,8.2,0.26,9,8.6,11.7,17.1,8.8,4.4
163,163,FR,2013,31170,3.2,24.1,10.6,7.1,9.9,0.36,16.8,15.8,23.2,16.2,10.1,6
164,164,HR,2013,10280,3.2,50,18.2,11.9,17.3,0.36,2.9,2.9,3,21.5,18.7,11.3
165,165,HU,2013,10230,6.5,26.6,9.6,8.4,10.2,0.35,12.6,11.3,20.3,23.7,10,3.9
166,166,IE,2013,37010,6.4,26.7,13.2,11.2,13.8,1.66,11.9,11.5,13.9,22.1,17.3,7.4
167,167,IT,2013,25480,2.6,40,14.7,7.8,12.2,0.21,16,15.9,16.2,15.9,11.4,7.2
168,168,LT,2013,10780,3.2,21.9,10.9,11.1,11.8,1.31,6.4,6.3,6.9,32.8,14.4,5.1
169,169,LU,2013,78030,6.4,15.5,6.6,4.3,5.9,1.98,12.9,12.9,13,10.2,5.9,3.9
170,170,LV,2013,10080,7.4,23.2,11,10.9,11.9,1.12,12,12.3,10.8,25.1,13.1,5.9
171,171,MT,2013,17650,4.2,12.7,5,5,6.1,1.12,12.9,13,12.1,9.5,4,2.4
172,172,NL,2013,38180,7.3,13.2,6.5,6,7.3,0.67,18.1,18,18.9,11.3,7.3,4.2
173,173,PL,2013,10170,6.2,27.3,10,7.9,10.3,0.73,6.4,6.2,7.3,20.5,11.4,5.7
174,174,PT,2013,16050,6.3,38.1,17.2,13.8,16.4,0.51,13.3,13.2,13.6,17.4,17.4,12.7
175,175,RO,2013,6760,3.2,23.7,7.4,4.8,7.1,0.81,15.7,15.8,15.5,6.7,7.8,5.4
176,176,SE,2013,40510,3.4,23.5,7.2,5,8.1,0.53,10.1,9.2,14.7,18.8,7.1,4.4
177,177,SI,2013,17160,3.3,21.6,11.4,7.8,10.1,0.65,9.1,9.3,7.7,17.8,10.7,6.1
178,178,SK,2013,13290,3.4,33.7,14.4,11,14.2,0.05,8.9,8.5,11.7,42.4,13.9,7.2
179,179,UK,2013,30660,7.4,20.7,6.4,4.9,7.5,0.49,17.4,16.8,20.8,13.8,8.3,3.9
180,180,AT,2014,36130,3.7,10.3,6.3,4.2,5.6,0.63,13.4,13.9,10.5,11.4,5,4
181,181,BE,2014,33870,6.5,23.2,9.3,5.9,8.5,0.84,16.2,15.3,21.4,16.2,8.8,4.7
182,182,BG,2014,5530,7.4,23.8,11.7,10.1,11.4,0.4,26.8,25.4,31.6,28.3,10.7,5.1
183,183,CY,2014,20250,8.7,36,14.9,13.5,16.1,2.09,11.9,12.6,7.8,19.4,18.2,12.9
184,184,CZ,2014,15480,3,15.9,6.4,4.8,6.1,0.27,13.5,13.2,15.8,22.1,6,2.8
185,185,DE,2014,33920,6.3,7.7,5.4,4.4,5,0.4,13.1,12,18.4,11.8,4.6,2.5
186,186,DK,2014,44890,7.3,14.2,7.3,5,6.9,0.79,9.1,8.4,14.6,11.4,6.1,4.8
187,187,EE,2014,13060,7.9,15,8,6,7.4,0.35,12.3,12.1,13.1,13,8.1,4.8
188,188,EL,2014,17040,2.9,52.4,31.2,20.1,26.5,0.98,16.1,16.8,13.6,28.2,30.2,20
189,189,ES,2014,22210,7.6,53.2,24.5,20.9,24.5,0.86,11.9,11.6,12.8,33.8,24.2,14.8
191,191,EU28,2014,26140,-101,22.2,11,7.9,10.2,0.7,12.7,12.4,14.5,18.5,9.4,6.1
192,192,FI,2014,34390,7.2,20.5,7.7,6.8,8.7,0.28,7,6.7,9.1,17.2,9.4,5.1
193,193,FR,2014,31320,3.2,24.2,11.2,7.4,10.3,0.46,15.3,14.7,18.9,17.1,10.6,6.3
194,194,HR,2014,10310,3.2,45.5,17.8,12.3,17.3,0.49,2.5,2.8,1.5,25.7,18.7,9.6
195,195,HU,2014,10690,6.5,20.4,7.6,6.1,7.7,0.43,13.9,12.2,23.9,18.5,7.4,3.1
196,196,IE,2014,39920,6.4,23.4,11.3,9.8,11.9,1.53,11,10.8,11.7,19.8,14.7,6.9
197,197,IT,2014,25420,2.6,42.7,15.5,8.1,12.7,0.22,18,17.8,18.8,16.6,11.9,7.9
198,198,LT,2014,11250,3.2,19.3,9.8,10.2,10.7,1.25,4.8,5,4.2,29.8,13.5,4.2
199,199,LU,2014,79490,6.4,22.6,5.2,4.5,5.9,2.03,16.8,16.2,19.9,10.2,6.3,3.9
200,200,LV,2014,10290,3,19.6,11.1,9.7,10.8,0.95,13,13.2,12.3,24,11.7,5.6
201,201,MT,2014,18610,4.2,11.7,4.6,5,5.7,1.18,12.2,12.1,13.2,9,3.6,2.6
202,202,NL,2014,38580,7.3,12.7,6.3,6.6,7.4,0.67,18.5,18.1,21.9,12.1,7.5,4.1
203,203,PL,2014,10510,7.7,23.9,8.7,6.9,9,0.71,6.4,6.2,7,19,10.1,4.7
204,204,PT,2014,16260,6.3,34.8,13.9,12.1,14.1,0.48,11.6,11.7,11.3,15.3,15.3,10
205,205,RO,2014,7020,3.2,24,7,4.6,6.8,0.87,14.5,14,15.9,6.7,7.2,5.8
206,206,SE,2014,41180,3.4,22.9,7.1,5.1,8,0.53,10.7,9.7,16.3,19.1,7,4.4
207,207,SI,2014,17620,3.3,20.2,11.7,7.1,9.7,0.7,10.1,10.4,8.6,15.4,10.4,6.3
208,208,SK,2014,13630,3.4,29.7,13.5,10.5,13.2,0.07,8.7,8.5,10.6,41.1,12.6,6.4
209,209,UK,2014,31220,7.4,17,5.4,3.9,6.1,0.49,16.5,15.4,22.2,11.3,6.9,3.2
210,210,AT,2015,36140,3.7,10.6,6,4.5,5.7,0.66,12.9,13.3,10.5,11.2,5.4,3.9
211,211,BE,2015,34360,6.5,22.1,9.2,6.1,8.5,0.8,16.1,15.1,21.5,16.8,8.7,4.6
212,212,BG,2015,5790,7.4,21.6,9.1,8.1,9.2,0.41,26.3,25.9,28,25.1,8.3,4
213,213,CY,2015,21020,8.7,32.8,14.5,12.4,15,1.48,12,12.2,11.1,18.5,16.6,12.1
214,214,CZ,2015,16290,3,12.6,5.6,3.9,5.1,0.24,12,11.2,18.8,22.7,4.7,2.4
215,215,DE,2015,34130,6.3,7.2,5.1,4.1,4.6,0.41,13.8,12.6,19.7,11.2,4.3,2.3
216,216,DK,2015,45630,3.8,12.2,6.8,4.6,6.3,0.78,7.7,6.9,13.1,10.4,5.4,4.6
217,217,EE,2015,13330,7.9,13.1,5.6,5.7,6.2,0.99,11.8,11.7,12.4,12.2,6.8,3.9
218,218,EL,2015,17080,2.9,49.8,28.7,19.8,24.9,1.01,12.8,13.2,11.6,26.7,27.6,19.9
219,219,ES,2015,23080,7.6,48.3,22.2,18.9,22.1,0.74,10,9.6,11.2,31,21.6,13.2
221,221,EU28,2015,26670,-101,20.4,10,7.4,9.4,0.8,11.9,11.6,14,17.4,8.7,5.6
222,222,FI,2015,34460,5.8,22.4,8.5,7.3,9.4,0.3,7.3,6.9,10,17.6,10.2,6
223,223,FR,2015,31540,3.2,24.7,11.2,7.5,10.4,0.49,14.2,13.4,19,17.6,10.8,6.3
224,224,HR,2015,10630,7.1,42.3,16.7,11.8,16.2,0.7,2.8,3,2.3,21.5,18.1,9.2
225,225,HU,2015,11130,6.5,17.3,6.8,5.5,6.8,0.44,10.6,9,20.1,17.4,6.4,2.4
226,226,IE,2015,49510,6.4,20.2,9.3,8.3,10,1.43,10.9,10.1,15,17.1,12.4,5.6
227,227,IT,2015,25640,2.6,40.3,14.9,7.7,11.9,0.24,19.4,19.5,18.6,15.6,11.4,7.1
228,228,LT,2015,11590,3.2,16.3,8.2,8.9,9.1,1.53,4.6,4.8,3.9,26.3,11.7,3.7
229,229,LU,2015,81300,6.4,17.3,6,5.5,6.7,2.22,14.9,15,14.3,10.6,6.3,4.7
230,230,LV,2015,10790,3,16.3,9.4,9.6,9.9,1.02,11.8,12.4,9.8,21.9,10.8,4.9
231,231,MT,2015,19920,4.2,11.6,4.4,4.5,5.4,1.59,11,10.8,12,8.7,3.7,2
232,232,NL,2015,39170,7.3,11.3,5.7,6.3,6.9,0.66,17.4,17.4,18,11.2,7,3.9
233,233,PL,2015,10920,7.7,20.8,7.3,5.8,7.5,0.68,5.8,5.8,6,16.9,8.4,4
234,234,PT,2015,16620,4,32,11.9,11.1,12.6,0.39,10.5,10.3,11.4,13.6,13.9,9.3
235,235,RO,2015,7320,3.2,21.7,7.1,4.8,6.8,0.98,13.1,12.8,14.2,8.1,7.2,4.1
236,236,SE,2015,42580,3.4,20.4,7,4.9,7.4,0.57,10.9,9.6,17.8,18.9,6.2,4.3
237,237,SI,2015,17990,3.3,16.3,10.7,6.9,9,0.72,9.2,9.4,8,13.9,9.9,5.8
238,238,SK,2015,14270,3.4,26.5,11,9.7,11.5,0.07,7.3,6.9,10.2,37.6,10.9,6
239,239,UK,2015,31700,7.4,14.6,4.6,3.5,5.3,0.46,16.6,15.1,23.8,9.6,6,3
240,240,AT,2016,36390,3.7,11.2,6.3,4.7,6,0.74,12.4,12.7,10.4,12.7,5.8,3.6
241,241,BE,2016,34690,6.5,20.1,8.6,5.7,7.8,0.82,13.3,12.2,19.5,15.9,8.1,4.2
242,242,BG,2016,6050,7.4,17.2,7.9,6.7,7.6,0.43,25,25,25.3,22.2,6.7,3.4
243,243,CY,2016,22270,8.7,29.1,13.4,10.2,13,1.27,9.8,10.1,8.5,15.6,14.3,10.9
244,244,CZ,2016,16670,3,10.5,4.2,3.2,4,0.37,11.7,11,18.2,20.5,3.5,1.9
245,245,DE,2016,34610,6.3,7.1,4.7,3.4,4.1,0.65,14.1,13,19.5,10.1,3.7,2.2
246,246,DK,2016,46720,3.8,12.2,7.2,3.8,6,0.92,8.4,7.7,13.8,9.2,5.1,4.5
247,247,EE,2016,13730,7.9,13.4,6.2,6.4,6.8,1.05,9.2,9,9.8,12.7,7.8,3.9
248,248,EL,2016,17110,2.9,47.3,26.8,19.2,23.6,0.99,11.8,12.3,10.3,26.4,26.2,18
249,249,ES,2016,23760,7.6,44.4,19.8,16.9,19.6,0.7,10.3,9.2,14.1,28,19.2,11.7
251,251,EU28,2016,27120,-101,18.7,9.1,6.7,8.6,0.8,11.1,10.7,13.2,16.1,7.8,5.1
252,252,FI,2016,35330,5.8,20.1,8.1,7.1,8.8,0.33,6.5,6.2,9.1,16.7,9.5,5.8
253,253,FR,2016,31770,3.2,24.5,10.8,7.2,10,0.47,14.8,13.9,20.9,18,10.6,5.7
254,254,HR,2016,11100,7.1,31.3,13.6,9.6,13.1,0.87,3,3.1,2.5,17.4,14.6,7.8
255,255,HU,2016,11410,6.5,12.9,5.2,4.1,5.1,0.41,9.7,8.7,16,13.2,4.8,1.8
256,256,IE,2016,49930,6.4,16.8,8.1,6.7,8.4,1.3,9.7,9.2,12.6,14.5,10.1,5
257,257,IT,2016,26020,2.6,37.8,14.9,7.7,11.7,0.26,14.7,14.9,14,15.7,11.1,6.8
258,258,LT,2016,12040,3.3,14.5,6.5,8,7.9,1.76,3.4,3.3,3.7,25.1,10.4,2.9
259,259,LU,2016,82880,6.4,18.9,5.7,4.9,6.3,2.31,12.2,11.3,16.9,9.9,6.7,4
260,260,LV,2016,11150,3,17.3,9.2,9.3,9.6,1.05,10,10.5,8.3,20.6,11.3,4.3
261,261,MT,2016,20230,4.2,10.7,3.5,4.1,4.7,1.82,10.4,10.3,11,7.4,3.7,1.7
262,262,NL,2016,39810,7.3,10.8,4.6,5.5,6,0.66,16.9,16,22.9,9.8,6.1,3.5
263,263,PL,2016,11260,7.7,17.7,6.1,4.5,6.2,0.62,5.6,5.8,4.9,14.5,6.9,3.3
264,264,PT,2016,17010,4,28,10.9,9.8,11.2,0.37,7.8,7.9,7.3,12.1,12.3,8.4
265,265,RO,2016,7720,3.2,20.6,6.2,4.1,5.9,1.05,14.1,13.7,15.2,7.6,6.2,3.1
266,266,SE,2016,42920,3.4,18.9,6.4,4.8,7,0.46,12.7,12,16.8,18.8,5.7,4
267,267,SI,2016,18540,3.3,15.2,9.7,6,8,0.75,8.5,8.6,7.6,14.5,8.1,6.1
268,268,SK,2016,14550,3.4,22.2,9.8,7.9,9.7,0.07,6.9,6.4,9.8,31.6,9.2,5.7
269,269,UK,2016,32050,7.4,13,4.1,3.3,4.8,0.52,16.8,16.1,20.9,8.3,5.4,2.9
270,270,AT,2017,37030,6.5,9.8,5.7,4.6,5.5,0.75,10.9,11.2,9.3,13,5.1,3.2
271,271,BE,2017,35210,6.5,19.3,7.6,5.2,7.1,0.79,12.4,11.2,18.7,14.6,7.1,4.3
272,272,BG,2017,6310,7.4,12.9,6.5,5.5,6.2,0.45,23.6,22.4,27.7,18.1,5.3,3
273,273,CY,2017,23200,8.7,24.7,11.9,8.4,11.1,1.28,12.5,12.7,11.7,14.1,11.4,9.8
274,274,CZ,2017,17490,6,7.9,3.1,2.3,2.9,0.26,9.3,8.9,13.4,13.1,2.7,1.5
275,275,DE,2017,35380,6.3,6.8,4.3,3.1,3.8,0.68,14.2,13.3,19.2,9.5,3.3,2
276,276,DK,2017,47360,3.8,12.4,7,3.6,5.8,0.98,7.8,7.3,11.3,9.7,4.7,4.6
277,277,EE,2017,14480,7.9,12.1,5.5,5.3,5.8,0.94,7.3,7.2,7.4,10.9,6.7,3.2
278,278,EL,2017,17410,2.9,43.6,24.5,17.6,21.5,0.96,13.8,13.8,13.5,24.3,23.9,16.5
279,279,ES,2017,24430,7.6,38.6,17.4,14.9,17.2,0.79,8.7,8.1,10.7,25,17,10
281,281,EU28,2017,27780,-101,16.9,8.1,6,7.6,0.8,10.7,10.3,12.6,14.8,6.9,4.5
282,282,FI,2017,36400,5.8,20.1,7.8,6.9,8.6,0.31,6.2,5.9,8.2,17.9,9.4,5.2
283,283,FR,2017,32380,6,22.1,10.1,6.9,9.4,0.48,13.9,13.2,18.6,17,10.1,5.2
284,284,HR,2017,11560,7.1,27.4,12.2,7.8,11.2,1.15,3,3.2,2.4,19.8,11.7,7.1
285,285,HU,2017,11930,6.5,10.7,4.3,3.3,4.2,0.41,7.2,6.3,12.5,11.1,3.7,1.6
286,286,IE,2017,53890,6.4,14.4,6.3,5.5,6.7,1.33,9.7,9.3,11.8,11.6,8.4,4.1
287,287,IT,2017,26490,2.6,34.7,14.3,7.7,11.2,0.26,12.5,12.3,12.9,15.5,10.5,6.4
288,288,LT,2017,12720,3.3,13.3,5.5,7.5,7.1,1.69,8.2,7.9,9.2,20.9,9.4,2.9
289,289,LU,2017,82550,6.4,15.4,5.4,4.2,5.5,2.32,12,11.8,12.6,8.9,5.3,3.9
290,290,LV,2017,11620,3,17,8.4,8.2,8.7,0.91,8,7.9,8.2,18.8,10.2,3.9
291,291,MT,2017,21250,4.2,10.6,3.7,2.6,4,1.5,10,9.5,12.5,6.1,3.3,2
292,292,NL,2017,40730,7.3,8.9,3.8,4.3,4.9,0.63,15,14.5,18.3,8.3,4.8,2.9
293,293,PL,2017,11820,7.7,14.8,4.7,3.6,4.9,0.57,5.4,5.4,5.7,12.2,5.6,2.4
294,294,PT,2017,17650,4,23.9,8.8,7.5,9,0.31,7.9,7.7,8.8,9.8,9.9,6.5
295,295,RO,2017,8320,3.2,18.3,5,3.4,4.9,1.24,11.3,10.4,14.2,6.8,5.1,2.4
296,296,SE,2017,43430,3.4,17.9,6.4,4.6,6.7,0.45,13,12.5,15.6,18.5,5.1,4.1
297,297,SI,2017,19430,3.3,11.2,7.6,5.4,6.6,0.85,8,8.3,6.3,11.1,6.7,5.2
298,298,SK,2017,14980,3.4,18.9,8.4,6.5,8.1,0.06,6.2,5.8,8.8,29.8,7.5,4.2
299,299,UK,2017,32460,7.4,12.1,3.8,2.9,4.3,0.54,20.3,19.7,23.4,7.3,4.8,2.8
300,300,AT,2018,37800,6.5,9.4,5.1,3.8,4.9,0.76,9.7,10.1,7.1,11.4,4.2,3.2
301,301,BE,2018,35580,6.5,15.8,6.5,4.3,6,0.78,12.3,10.7,20.8,13.2,6,3.5
302,302,BG,2018,6550,7.4,12.7,5.7,4.4,5.2,0.47,21.8,21.4,23.4,15.5,4.5,2.3
303,303,CY,2018,24120,8.7,20.2,8.9,6.1,8.4,1.29,13.9,15,7.5,9.8,8.8,7.6
304,304,CZ,2018,17980,6,6.7,2.5,1.7,2.2,0.25,7.9,7.6,10.5,10.7,2.1,1.2
305,305,DE,2018,35720,6.3,6.2,4,2.7,3.4,0.65,13.3,12.1,19.8,8.8,2.9,1.9
306,306,DK,2018,48260,3.8,10.5,6.3,3.2,5.1,1.04,7.4,6.7,12.4,8.6,4.1,4
307,307,EE,2018,15070,7.9,11.8,4.7,4.9,5.4,0.79,7.4,7.4,7.6,10.3,5.8,3.6
308,308,EL,2018,17780,2.9,39.9,22.3,15.8,19.3,0.96,13.5,13.3,14.8,22.3,21.8,14.2
309,309,ES,2018,24910,7.6,34.3,15.6,13,15.3,0.66,10.9,10.3,13,22.1,15.5,8.9
311,311,EU28,2018,28260,-101,15.2,7.3,5.4,6.8,0.8,10.6,10.3,12.3,13.3,6.2,4.1
312,312,FI,2018,36900,5.8,17,7,5.7,7.4,0.35,7,6.8,8.3,15.9,8.3,4.2
313,313,FR,2018,32860,6,20.8,9.7,6.7,9,0.51,14.9,14.3,18.7,16.1,9.7,5.4
314,314,HR,2018,11990,7.1,23.7,9.5,5.3,8.5,0.97,2.6,2.7,2.4,11.6,9.1,6
315,315,HU,2018,12560,6.5,10.2,4,2.8,3.7,0.49,4.8,3.9,11.8,10.3,3.3,1.5
316,316,IE,2018,57780,6.4,13.8,5.3,4.4,5.8,1.1,10,9.4,13.6,9.9,6.9,3.8
317,317,IT,2018,26780,6.2,32.2,13.5,7.4,10.6,0.26,11.3,11.3,11.5,14.6,10.1,5.9
318,318,LT,2018,13310,3.3,11.1,5,6.5,6.2,1.15,3.7,3.5,4.5,17.9,8,2.8
319,319,LU,2018,83470,6.4,14.2,6.1,3.9,5.6,2.3,11.3,10.8,14.2,8.4,5.6,4.3
320,320,LV,2018,12180,3,12.2,7.8,6.9,7.4,0.82,8.6,9,7.4,16.5,8.5,3.7
321,321,MT,2018,21580,4.2,9.1,3,2.9,3.7,1.93,12.5,12.2,13.7,5.4,3.4,1.9
322,322,NL,2018,41450,7.3,7.2,2.9,3.4,3.8,0.64,17.5,16.8,21.6,6.6,3.6,2.5
323,323,PL,2018,12460,7.7,11.7,3.9,2.8,3.9,0.5,4.8,4.8,4.6,9.9,4.4,2
324,324,PT,2018,18190,4,20.3,6.6,6,7.1,0.31,6.5,6.3,7.4,7.4,8.2,5.4
325,325,RO,2018,8740,3.2,16.2,4.3,2.8,4.2,1.19,11.5,11.3,12.3,5.8,4.3,2.1
326,326,SE,2018,43760,3.4,17.4,6.2,4.2,6.4,0.46,14.4,14.2,15.9,18.7,4.6,3.7
327,327,SI,2018,20170,7,8.8,6.3,4,5.1,0.65,7.9,8.1,6.4,8.6,5.5,3.6
328,328,SK,2018,15520,3.4,14.9,7,5.3,6.5,0.06,4.8,4.3,8.6,29.8,5.8,3.1
329,329,UK,2018,32700,7.4,11.3,3.4,2.8,4,0.52,24.2,23.8,25.7,6.4,4.6,2.5